               epoch,      train/box_loss,      train/obj_loss,      train/cls_loss,   metrics/precision,      metrics/recall,     metrics/mAP_0.5,metrics/mAP_0.5:0.95,        val/box_loss,        val/obj_loss,        val/cls_loss,               x/lr0,               x/lr1,               x/lr2
                   0,            0.072698,            0.017507,                   0,             0.70828,             0.70749,             0.75247,              0.3015,            0.044468,           0.0095468,                   0,            0.070059,           0.0033268,           0.0033268
                   1,            0.047794,            0.012026,                   0,             0.90456,             0.86644,              0.9031,             0.47934,            0.034056,           0.0074125,                   0,            0.040037,           0.0066381,           0.0066381
                   2,            0.042335,            0.010132,                   0,             0.90839,             0.88369,              0.9062,             0.53003,            0.033012,           0.0066713,                   0,           0.0099931,           0.0099275,           0.0099275
                   3,            0.037136,           0.0091608,                   0,             0.92841,             0.88197,             0.91281,             0.58603,             0.02886,           0.0062379,                   0,            0.009901,            0.009901,            0.009901
                   4,            0.033447,           0.0085453,                   0,             0.94116,             0.91846,              0.9198,             0.59322,             0.02771,           0.0056884,                   0,            0.009901,            0.009901,            0.009901
                   5,            0.030613,           0.0080768,                   0,             0.94237,             0.93686,             0.93327,             0.65123,            0.024817,           0.0052125,                   0,            0.009868,            0.009868,            0.009868
                   6,            0.029135,           0.0077811,                   0,             0.94352,              0.9262,             0.93021,             0.66867,            0.023896,           0.0051926,                   0,            0.009835,            0.009835,            0.009835
                   7,            0.028391,           0.0076125,                   0,             0.94169,             0.93457,             0.93967,             0.68371,            0.022456,           0.0051875,                   0,            0.009802,            0.009802,            0.009802
                   8,            0.027453,           0.0074413,                   0,             0.95694,             0.94332,             0.94494,             0.67617,            0.022146,           0.0048327,                   0,            0.009769,            0.009769,            0.009769
                   9,            0.026561,           0.0072679,                   0,             0.95282,             0.94311,             0.94891,             0.70686,            0.021393,           0.0048302,                   0,            0.009736,            0.009736,            0.009736
                  10,            0.026269,           0.0072547,                   0,             0.95318,             0.94147,             0.94889,              0.7118,            0.021056,           0.0047628,                   0,            0.009703,            0.009703,            0.009703
                  11,            0.025589,           0.0071332,                   0,             0.95866,              0.9485,             0.95451,             0.71245,            0.020695,           0.0046252,                   0,             0.00967,             0.00967,             0.00967
                  12,            0.024977,           0.0070581,                   0,              0.9611,             0.94974,              0.9571,             0.72454,            0.019905,           0.0045789,                   0,            0.009637,            0.009637,            0.009637
                  13,            0.024901,           0.0070291,                   0,             0.96533,             0.94517,             0.95921,             0.73354,            0.019846,           0.0045779,                   0,            0.009604,            0.009604,            0.009604
                  14,            0.024484,           0.0068434,                   0,             0.96162,             0.95096,             0.95873,             0.73234,            0.019425,            0.004485,                   0,            0.009571,            0.009571,            0.009571
                  15,            0.024062,           0.0067212,                   0,             0.97022,             0.94751,             0.95764,             0.72869,            0.019552,           0.0044678,                   0,            0.009538,            0.009538,            0.009538
                  16,            0.023877,           0.0067463,                   0,             0.96959,             0.95219,             0.96228,             0.73414,            0.018925,           0.0044058,                   0,            0.009505,            0.009505,            0.009505
                  17,             0.02347,           0.0065395,                   0,              0.9688,             0.94879,             0.96239,             0.74045,            0.018811,           0.0044407,                   0,            0.009472,            0.009472,            0.009472
                  18,            0.023393,           0.0065852,                   0,             0.96576,             0.95577,             0.96172,             0.73333,             0.01866,           0.0043415,                   0,            0.009439,            0.009439,            0.009439
                  19,            0.023025,           0.0065597,                   0,             0.97284,             0.95256,             0.96593,              0.7468,            0.018679,           0.0042779,                   0,            0.009406,            0.009406,            0.009406
                  20,            0.023253,           0.0065341,                   0,             0.97115,             0.95071,             0.96308,             0.74555,            0.018479,           0.0043141,                   0,            0.009373,            0.009373,            0.009373
                  21,            0.022919,           0.0063875,                   0,             0.97222,             0.95284,             0.96659,              0.7492,            0.018272,           0.0042607,                   0,             0.00934,             0.00934,             0.00934
                  22,            0.022853,           0.0064088,                   0,              0.9728,             0.95811,             0.97167,             0.75117,            0.018122,           0.0041652,                   0,            0.009307,            0.009307,            0.009307
                  23,            0.022539,           0.0065225,                   0,             0.97405,             0.95675,             0.97019,             0.75861,            0.017689,           0.0041371,                   0,            0.009274,            0.009274,            0.009274
                  24,            0.022456,           0.0065242,                   0,             0.97434,             0.95443,             0.97311,             0.75684,            0.017857,           0.0041407,                   0,            0.009241,            0.009241,            0.009241
                  25,            0.022358,           0.0063625,                   0,             0.97244,             0.95885,             0.97207,             0.75817,            0.017797,           0.0041403,                   0,            0.009208,            0.009208,            0.009208
                  26,            0.022262,           0.0064561,                   0,             0.97027,             0.96045,             0.97232,             0.75939,            0.017533,           0.0041218,                   0,            0.009175,            0.009175,            0.009175
                  27,            0.021972,           0.0063236,                   0,             0.96982,              0.9618,             0.97454,              0.7676,             0.01741,           0.0040701,                   0,            0.009142,            0.009142,            0.009142
                  28,            0.021894,           0.0062417,                   0,             0.97677,              0.9583,             0.97583,             0.76488,            0.017488,           0.0040591,                   0,            0.009109,            0.009109,            0.009109
                  29,            0.021745,           0.0062411,                   0,             0.97166,             0.96156,             0.97555,             0.77671,            0.016865,           0.0039886,                   0,            0.009076,            0.009076,            0.009076
                  30,            0.021842,           0.0062804,                   0,             0.96932,             0.96759,             0.97753,             0.77423,            0.016925,           0.0039843,                   0,            0.009043,            0.009043,            0.009043
                  31,            0.021619,           0.0061799,                   0,             0.97155,             0.96784,              0.9793,              0.7821,            0.016651,           0.0039033,                   0,             0.00901,             0.00901,             0.00901
                  32,            0.021096,           0.0060018,                   0,             0.96977,             0.96844,             0.97564,             0.77273,            0.016778,           0.0039296,                   0,            0.008977,            0.008977,            0.008977
                  33,             0.02124,           0.0060714,                   0,             0.97297,             0.96677,             0.97772,              0.7782,            0.016627,           0.0039436,                   0,            0.008944,            0.008944,            0.008944
                  34,             0.02132,           0.0061183,                   0,             0.97674,             0.96244,             0.97935,             0.77969,            0.016489,           0.0038649,                   0,            0.008911,            0.008911,            0.008911
                  35,             0.02145,           0.0061526,                   0,             0.97122,             0.96353,             0.97922,             0.78654,            0.016597,           0.0039169,                   0,            0.008878,            0.008878,            0.008878
                  36,            0.021158,           0.0060919,                   0,              0.9713,             0.96673,             0.97638,             0.77797,            0.016615,           0.0038876,                   0,            0.008845,            0.008845,            0.008845
                  37,             0.02118,           0.0060468,                   0,             0.97418,             0.97178,             0.97739,             0.78383,            0.016257,            0.003843,                   0,            0.008812,            0.008812,            0.008812
                  38,            0.021129,           0.0061062,                   0,             0.97539,             0.97252,             0.98193,             0.78622,            0.016161,           0.0037999,                   0,            0.008779,            0.008779,            0.008779
                  39,            0.020745,           0.0059562,                   0,             0.97366,             0.97129,             0.98221,             0.79043,            0.016008,           0.0037869,                   0,            0.008746,            0.008746,            0.008746
                  40,            0.020744,           0.0059897,                   0,             0.97381,             0.97339,             0.97929,             0.78917,            0.015832,           0.0037485,                   0,            0.008713,            0.008713,            0.008713
                  41,            0.020572,           0.0058862,                   0,             0.97337,             0.97339,             0.98108,              0.7935,            0.015823,           0.0037528,                   0,             0.00868,             0.00868,             0.00868
                  42,            0.020841,           0.0058917,                   0,             0.97079,             0.97451,              0.9828,             0.79581,             0.01565,           0.0037007,                   0,            0.008647,            0.008647,            0.008647
                  43,            0.020468,           0.0059285,                   0,             0.97426,             0.97486,             0.98339,               0.798,            0.015614,           0.0036889,                   0,            0.008614,            0.008614,            0.008614
                  44,            0.020324,           0.0058612,                   0,             0.97267,             0.98004,             0.98364,             0.79468,            0.015656,           0.0036545,                   0,            0.008581,            0.008581,            0.008581
                  45,             0.02034,           0.0059132,                   0,             0.97871,             0.97439,               0.985,             0.79827,            0.015553,           0.0036521,                   0,            0.008548,            0.008548,            0.008548
                  46,            0.020302,           0.0058533,                   0,             0.97496,             0.97203,             0.98424,             0.80018,            0.015383,           0.0036549,                   0,            0.008515,            0.008515,            0.008515
                  47,            0.020526,           0.0058857,                   0,             0.97424,             0.97856,               0.983,             0.79976,            0.015267,           0.0035942,                   0,            0.008482,            0.008482,            0.008482
                  48,            0.020148,           0.0057386,                   0,             0.97539,             0.97733,             0.98364,             0.80393,            0.015258,           0.0036147,                   0,            0.008449,            0.008449,            0.008449
                  49,            0.020173,           0.0058408,                   0,              0.9786,             0.97477,             0.98615,             0.80766,            0.015038,           0.0035691,                   0,            0.008416,            0.008416,            0.008416
                  50,            0.020171,           0.0057387,                   0,             0.97555,             0.97992,             0.98526,             0.80758,            0.015011,           0.0035491,                   0,            0.008383,            0.008383,            0.008383
                  51,            0.019787,           0.0057649,                   0,             0.97797,             0.97902,             0.98635,             0.80946,            0.014977,           0.0035498,                   0,             0.00835,             0.00835,             0.00835
                  52,            0.020014,            0.005842,                   0,              0.9765,             0.98115,             0.98527,             0.80808,            0.014846,           0.0035253,                   0,            0.008317,            0.008317,            0.008317
                  53,            0.019878,            0.005797,                   0,             0.97564,             0.98324,             0.98584,             0.81036,             0.01482,           0.0035014,                   0,            0.008284,            0.008284,            0.008284
                  54,            0.019914,           0.0057556,                   0,              0.9763,             0.98489,              0.9866,             0.81343,            0.014705,           0.0034796,                   0,            0.008251,            0.008251,            0.008251
                  55,            0.019784,           0.0057552,                   0,             0.97917,             0.98238,             0.98569,             0.81069,            0.014673,           0.0034706,                   0,            0.008218,            0.008218,            0.008218
                  56,            0.019736,           0.0057234,                   0,             0.97698,             0.98312,             0.98455,             0.81259,            0.014575,           0.0034647,                   0,            0.008185,            0.008185,            0.008185
                  57,            0.019538,           0.0057478,                   0,             0.97652,             0.98409,             0.98592,             0.81225,            0.014677,           0.0034762,                   0,            0.008152,            0.008152,            0.008152
                  58,            0.019996,           0.0056441,                   0,             0.97579,             0.98497,             0.98484,             0.81251,            0.014538,             0.00345,                   0,            0.008119,            0.008119,            0.008119
                  59,            0.019572,           0.0056618,                   0,             0.97727,             0.98213,             0.98637,             0.81859,             0.01444,           0.0034386,                   0,            0.008086,            0.008086,            0.008086
                  60,            0.019399,           0.0056093,                   0,             0.97715,             0.98517,             0.98652,             0.81926,             0.01436,           0.0034117,                   0,            0.008053,            0.008053,            0.008053
                  61,            0.019334,           0.0055992,                   0,             0.97926,             0.98317,             0.98656,             0.82051,            0.014255,           0.0033959,                   0,             0.00802,             0.00802,             0.00802
                  62,            0.019569,           0.0056568,                   0,             0.97675,             0.98546,             0.98741,             0.82095,             0.01428,           0.0033949,                   0,            0.007987,            0.007987,            0.007987
                  63,            0.019573,           0.0056161,                   0,             0.97775,             0.98213,             0.98555,             0.81978,            0.014262,            0.003409,                   0,            0.007954,            0.007954,            0.007954
                  64,            0.019253,           0.0055993,                   0,             0.97994,             0.98108,             0.98752,             0.82216,            0.014195,           0.0034024,                   0,            0.007921,            0.007921,            0.007921
                  65,            0.019354,           0.0055755,                   0,             0.97797,             0.98546,             0.98684,             0.82525,            0.014035,           0.0033684,                   0,            0.007888,            0.007888,            0.007888
                  66,             0.01938,           0.0055619,                   0,             0.97758,             0.98743,             0.98718,               0.825,            0.014011,           0.0033542,                   0,            0.007855,            0.007855,            0.007855
                  67,            0.019268,           0.0055934,                   0,             0.97809,             0.98817,             0.98778,              0.8264,            0.013937,           0.0033372,                   0,            0.007822,            0.007822,            0.007822
                  68,             0.01902,           0.0055372,                   0,             0.98039,             0.98564,             0.98833,             0.82869,            0.013861,           0.0033238,                   0,            0.007789,            0.007789,            0.007789
                  69,            0.019036,           0.0055564,                   0,             0.97734,             0.98845,             0.98738,             0.82854,             0.01379,           0.0033134,                   0,            0.007756,            0.007756,            0.007756
                  70,            0.018905,           0.0055302,                   0,             0.97584,             0.99025,             0.98647,              0.8273,            0.013767,           0.0033067,                   0,            0.007723,            0.007723,            0.007723
                  71,             0.01902,           0.0055237,                   0,             0.97669,              0.9914,             0.98786,             0.83206,            0.013662,           0.0032792,                   0,             0.00769,             0.00769,             0.00769
                  72,            0.019037,           0.0055525,                   0,             0.97872,             0.99178,              0.9876,             0.83229,            0.013609,           0.0032785,                   0,            0.007657,            0.007657,            0.007657
                  73,             0.01888,           0.0055217,                   0,             0.97774,             0.99055,             0.98686,             0.83067,            0.013559,           0.0032946,                   0,            0.007624,            0.007624,            0.007624
                  74,            0.018916,           0.0055718,                   0,             0.97812,             0.98916,             0.98789,             0.83219,            0.013546,           0.0032901,                   0,            0.007591,            0.007591,            0.007591
                  75,            0.018763,            0.005535,                   0,             0.97901,             0.98864,             0.98731,              0.8328,            0.013442,             0.00327,                   0,            0.007558,            0.007558,            0.007558
                  76,            0.018603,           0.0054665,                   0,             0.98031,              0.9899,             0.98776,             0.83418,            0.013358,           0.0032584,                   0,            0.007525,            0.007525,            0.007525
                  77,            0.018643,           0.0054553,                   0,             0.97897,              0.9924,             0.98809,             0.83476,            0.013331,           0.0032388,                   0,            0.007492,            0.007492,            0.007492
                  78,            0.018542,           0.0053174,                   0,             0.97751,             0.99322,             0.98846,             0.83713,             0.01329,           0.0032258,                   0,            0.007459,            0.007459,            0.007459
                  79,            0.018625,           0.0054841,                   0,             0.97956,             0.99138,             0.98821,             0.83757,            0.013227,           0.0032272,                   0,            0.007426,            0.007426,            0.007426
                  80,            0.018721,           0.0055319,                   0,             0.97968,             0.99216,             0.98834,             0.83834,             0.01318,           0.0032204,                   0,            0.007393,            0.007393,            0.007393
                  81,            0.018797,           0.0054259,                   0,             0.97805,             0.99387,             0.98798,             0.83757,            0.013169,           0.0032084,                   0,             0.00736,             0.00736,             0.00736
                  82,            0.018485,           0.0053134,                   0,             0.97994,             0.99324,             0.98826,             0.83953,            0.013098,           0.0031944,                   0,            0.007327,            0.007327,            0.007327
                  83,            0.018479,           0.0054058,                   0,             0.98099,              0.9931,             0.98902,             0.84191,            0.013065,           0.0031765,                   0,            0.007294,            0.007294,            0.007294
                  84,            0.018306,           0.0054109,                   0,             0.98014,             0.99335,             0.98949,             0.84324,            0.012997,             0.00317,                   0,            0.007261,            0.007261,            0.007261
                  85,            0.018422,           0.0053008,                   0,             0.98171,             0.99298,             0.98928,             0.84318,            0.012934,           0.0031612,                   0,            0.007228,            0.007228,            0.007228
                  86,            0.018477,           0.0053558,                   0,             0.98221,             0.99314,              0.9893,             0.84312,            0.012889,           0.0031591,                   0,            0.007195,            0.007195,            0.007195
                  87,            0.018315,           0.0052693,                   0,             0.98314,             0.99176,             0.98964,             0.84591,            0.012844,           0.0031497,                   0,            0.007162,            0.007162,            0.007162
                  88,            0.018321,           0.0053577,                   0,             0.98206,              0.9931,             0.98957,             0.84601,            0.012804,           0.0031449,                   0,            0.007129,            0.007129,            0.007129
                  89,             0.01833,           0.0053568,                   0,             0.98127,             0.99446,             0.98977,             0.84681,             0.01277,           0.0031391,                   0,            0.007096,            0.007096,            0.007096
                  90,            0.018218,           0.0052741,                   0,             0.98181,             0.99409,             0.98957,              0.8471,            0.012726,           0.0031337,                   0,            0.007063,            0.007063,            0.007063
                  91,             0.01803,           0.0051656,                   0,             0.98193,             0.99446,             0.98934,             0.84664,            0.012686,           0.0031257,                   0,             0.00703,             0.00703,             0.00703
                  92,            0.017942,           0.0052079,                   0,             0.98275,             0.99372,             0.98929,             0.84781,            0.012649,           0.0031154,                   0,            0.006997,            0.006997,            0.006997
                  93,            0.018106,           0.0052613,                   0,              0.9827,             0.99379,             0.98942,             0.84896,            0.012617,           0.0031083,                   0,            0.006964,            0.006964,            0.006964
                  94,            0.018085,           0.0052592,                   0,             0.98235,             0.99426,             0.98939,             0.84904,            0.012595,            0.003102,                   0,            0.006931,            0.006931,            0.006931
                  95,            0.018197,           0.0052792,                   0,             0.98127,             0.99519,              0.9895,               0.849,            0.012559,           0.0030986,                   0,            0.006898,            0.006898,            0.006898
                  96,            0.017887,           0.0052169,                   0,             0.98082,             0.99581,             0.98965,             0.85008,            0.012528,           0.0030935,                   0,            0.006865,            0.006865,            0.006865
                  97,            0.017786,           0.0052518,                   0,             0.98165,             0.99539,             0.98985,             0.85088,            0.012489,           0.0030862,                   0,            0.006832,            0.006832,            0.006832
                  98,             0.01793,           0.0052244,                   0,             0.98212,             0.99483,             0.98977,             0.85099,            0.012467,           0.0030828,                   0,            0.006799,            0.006799,            0.006799
                  99,            0.017826,           0.0051959,                   0,             0.98258,             0.99519,             0.98991,             0.85151,            0.012431,           0.0030772,                   0,            0.006766,            0.006766,            0.006766
                 100,            0.018031,            0.005278,                   0,             0.98272,             0.99519,             0.99001,             0.85235,            0.012387,           0.0030693,                   0,            0.006733,            0.006733,            0.006733
                 101,            0.017814,           0.0051547,                   0,             0.98313,             0.99519,             0.99001,             0.85251,            0.012342,           0.0030673,                   0,              0.0067,              0.0067,              0.0067
                 102,             0.01772,           0.0052139,                   0,             0.98237,             0.99566,             0.99014,             0.85371,             0.01229,           0.0030601,                   0,            0.006667,            0.006667,            0.006667
                 103,            0.017989,           0.0052479,                   0,             0.98154,             0.99559,             0.99008,             0.85388,            0.012262,           0.0030572,                   0,            0.006634,            0.006634,            0.006634
                 104,            0.017746,           0.0051807,                   0,             0.98097,             0.99569,             0.98997,             0.85454,            0.012214,           0.0030522,                   0,            0.006601,            0.006601,            0.006601
                 105,            0.017659,           0.0051322,                   0,             0.98296,              0.9953,             0.99017,             0.85486,            0.012183,           0.0030472,                   0,            0.006568,            0.006568,            0.006568
                 106,            0.017592,           0.0051409,                   0,              0.9826,             0.99523,             0.99023,             0.85585,            0.012144,           0.0030421,                   0,            0.006535,            0.006535,            0.006535
                 107,            0.017844,           0.0051738,                   0,             0.98096,             0.99647,             0.99049,             0.85704,            0.012112,           0.0030366,                   0,            0.006502,            0.006502,            0.006502
                 108,            0.017565,           0.0051363,                   0,             0.98249,             0.99567,             0.99049,              0.8569,            0.012095,           0.0030329,                   0,            0.006469,            0.006469,            0.006469
                 109,             0.01748,           0.0051286,                   0,             0.98285,             0.99574,             0.99055,              0.8575,            0.012065,           0.0030277,                   0,            0.006436,            0.006436,            0.006436
                 110,            0.017259,           0.0050605,                   0,             0.98263,             0.99666,             0.99065,             0.85945,            0.012032,           0.0030226,                   0,            0.006403,            0.006403,            0.006403
                 111,            0.017507,           0.0050659,                   0,             0.98263,             0.99681,             0.99071,             0.85959,            0.012008,           0.0030159,                   0,             0.00637,             0.00637,             0.00637
                 112,            0.017273,           0.0050764,                   0,             0.98288,             0.99704,             0.99076,              0.8597,            0.011978,           0.0030105,                   0,            0.006337,            0.006337,            0.006337
                 113,            0.017349,           0.0051008,                   0,             0.98312,             0.99704,             0.99079,             0.86012,             0.01195,           0.0030059,                   0,            0.006304,            0.006304,            0.006304
                 114,            0.017359,            0.005081,                   0,             0.98319,             0.99717,             0.99093,             0.86067,            0.011928,           0.0030016,                   0,            0.006271,            0.006271,            0.006271
                 115,            0.017217,           0.0051362,                   0,             0.98317,             0.99704,             0.99085,             0.86142,            0.011897,           0.0029968,                   0,            0.006238,            0.006238,            0.006238
                 116,            0.017179,            0.005028,                   0,             0.98345,             0.99729,             0.99086,             0.86155,            0.011872,            0.002993,                   0,            0.006205,            0.006205,            0.006205
                 117,            0.017305,           0.0051063,                   0,             0.98324,             0.99747,             0.99086,             0.86197,            0.011848,           0.0029888,                   0,            0.006172,            0.006172,            0.006172
                 118,            0.017224,           0.0050518,                   0,             0.98347,             0.99718,             0.99093,             0.86226,            0.011817,           0.0029844,                   0,            0.006139,            0.006139,            0.006139
                 119,            0.017171,           0.0050258,                   0,             0.98327,             0.99717,             0.99088,             0.86266,            0.011788,            0.002979,                   0,            0.006106,            0.006106,            0.006106
                 120,            0.017083,           0.0050709,                   0,             0.98343,             0.99729,             0.99088,             0.86281,            0.011765,            0.002975,                   0,            0.006073,            0.006073,            0.006073
                 121,            0.017265,           0.0049933,                   0,             0.98323,             0.99717,             0.99096,              0.8634,            0.011739,            0.002971,                   0,             0.00604,             0.00604,             0.00604
                 122,            0.017038,           0.0050484,                   0,             0.98323,             0.99712,             0.99097,             0.86352,            0.011715,           0.0029665,                   0,            0.006007,            0.006007,            0.006007
                 123,            0.017117,           0.0051045,                   0,             0.98323,             0.99707,             0.99104,             0.86403,            0.011694,           0.0029634,                   0,            0.005974,            0.005974,            0.005974
                 124,            0.016889,           0.0050089,                   0,               0.983,             0.99734,             0.99117,             0.86496,            0.011673,           0.0029593,                   0,            0.005941,            0.005941,            0.005941
                 125,            0.016757,           0.0048941,                   0,             0.98324,             0.99741,             0.99118,             0.86593,            0.011657,           0.0029555,                   0,            0.005908,            0.005908,            0.005908
                 126,            0.016743,           0.0049129,                   0,             0.98324,             0.99735,             0.99117,             0.86515,            0.011636,           0.0029511,                   0,            0.005875,            0.005875,            0.005875
                 127,            0.016962,           0.0049467,                   0,             0.98312,             0.99743,             0.99114,             0.86601,            0.011616,           0.0029475,                   0,            0.005842,            0.005842,            0.005842
                 128,            0.016875,           0.0050069,                   0,             0.98336,             0.99743,             0.99122,             0.86628,            0.011599,           0.0029436,                   0,            0.005809,            0.005809,            0.005809
                 129,            0.016725,           0.0049236,                   0,             0.98351,             0.99741,             0.99124,             0.86645,            0.011582,           0.0029401,                   0,            0.005776,            0.005776,            0.005776
                 130,            0.016849,            0.004953,                   0,             0.98363,             0.99741,             0.99131,             0.86664,            0.011567,           0.0029375,                   0,            0.005743,            0.005743,            0.005743
                 131,             0.01694,           0.0050153,                   0,             0.98384,             0.99753,             0.99138,             0.86745,            0.011551,           0.0029346,                   0,             0.00571,             0.00571,             0.00571
                 132,            0.016707,           0.0049208,                   0,             0.98376,             0.99754,             0.99147,             0.86779,            0.011532,           0.0029313,                   0,            0.005677,            0.005677,            0.005677
                 133,            0.016536,           0.0048774,                   0,             0.98384,              0.9975,             0.99153,             0.86812,            0.011514,           0.0029279,                   0,            0.005644,            0.005644,            0.005644
                 134,            0.016655,           0.0048712,                   0,             0.98411,             0.99729,             0.99158,             0.86836,            0.011495,           0.0029243,                   0,            0.005611,            0.005611,            0.005611
                 135,            0.016603,           0.0049029,                   0,             0.98408,             0.99745,             0.99167,             0.86876,             0.01148,           0.0029215,                   0,            0.005578,            0.005578,            0.005578
                 136,            0.016707,           0.0048513,                   0,             0.98408,             0.99747,             0.99173,             0.86897,            0.011463,           0.0029184,                   0,            0.005545,            0.005545,            0.005545
                 137,            0.016541,           0.0049557,                   0,             0.98415,             0.99741,             0.99174,             0.86908,            0.011445,           0.0029153,                   0,            0.005512,            0.005512,            0.005512
                 138,            0.016631,           0.0049168,                   0,             0.98431,             0.99741,             0.99181,             0.86913,            0.011429,            0.002913,                   0,            0.005479,            0.005479,            0.005479
                 139,            0.016451,           0.0048941,                   0,             0.98419,             0.99742,             0.99181,             0.86926,            0.011411,           0.0029102,                   0,            0.005446,            0.005446,            0.005446
                 140,            0.016637,           0.0048809,                   0,             0.98421,             0.99754,             0.99184,             0.86933,            0.011394,           0.0029078,                   0,            0.005413,            0.005413,            0.005413
                 141,            0.016626,           0.0049018,                   0,             0.98426,             0.99754,             0.99193,             0.87057,            0.011376,           0.0029049,                   0,             0.00538,             0.00538,             0.00538
                 142,            0.016179,           0.0048834,                   0,             0.98445,             0.99754,             0.99196,             0.87084,            0.011358,            0.002902,                   0,            0.005347,            0.005347,            0.005347
                 143,            0.016523,             0.00486,                   0,             0.98458,             0.99754,             0.99203,             0.87094,            0.011341,           0.0028994,                   0,            0.005314,            0.005314,            0.005314
                 144,            0.016302,           0.0048432,                   0,             0.98482,             0.99741,             0.99209,             0.87139,            0.011324,           0.0028962,                   0,            0.005281,            0.005281,            0.005281
                 145,            0.016182,           0.0048259,                   0,             0.98523,             0.99754,             0.99214,             0.87154,            0.011307,           0.0028935,                   0,            0.005248,            0.005248,            0.005248
                 146,            0.016067,           0.0048119,                   0,              0.9855,             0.99754,             0.99219,             0.87197,            0.011291,           0.0028907,                   0,            0.005215,            0.005215,            0.005215
                 147,            0.016199,           0.0047573,                   0,             0.98569,             0.99754,             0.99221,             0.87221,            0.011275,           0.0028879,                   0,            0.005182,            0.005182,            0.005182
                 148,            0.016075,           0.0047972,                   0,             0.98594,             0.99754,             0.99231,             0.87259,            0.011257,           0.0028851,                   0,            0.005149,            0.005149,            0.005149
                 149,            0.016042,           0.0047695,                   0,             0.98588,             0.99754,             0.99234,             0.87282,            0.011241,           0.0028818,                   0,            0.005116,            0.005116,            0.005116
                 150,            0.016083,           0.0048382,                   0,              0.9861,             0.99754,             0.99237,             0.87329,            0.011225,           0.0028787,                   0,            0.005083,            0.005083,            0.005083
                 151,            0.015974,           0.0048058,                   0,             0.98608,             0.99741,             0.99245,             0.87369,            0.011208,           0.0028758,                   0,             0.00505,             0.00505,             0.00505
                 152,            0.015808,           0.0047143,                   0,             0.98587,             0.99756,             0.99247,             0.87381,            0.011191,           0.0028726,                   0,            0.005017,            0.005017,            0.005017
                 153,            0.016082,           0.0047329,                   0,             0.98599,             0.99745,             0.99252,             0.87389,            0.011176,           0.0028699,                   0,            0.004984,            0.004984,            0.004984
                 154,            0.015972,            0.004741,                   0,             0.98599,             0.99741,              0.9926,             0.87475,            0.011161,           0.0028673,                   0,            0.004951,            0.004951,            0.004951
                 155,            0.015892,           0.0047867,                   0,             0.98608,             0.99741,             0.99261,             0.87493,            0.011148,           0.0028645,                   0,            0.004918,            0.004918,            0.004918
                 156,             0.01605,           0.0047545,                   0,             0.98611,             0.99749,             0.99266,             0.87573,            0.011132,           0.0028617,                   0,            0.004885,            0.004885,            0.004885
                 157,            0.015985,            0.004754,                   0,             0.98608,             0.99741,             0.99269,             0.87596,            0.011117,            0.002859,                   0,            0.004852,            0.004852,            0.004852
                 158,            0.015879,           0.0047158,                   0,             0.98604,             0.99741,             0.99274,             0.87613,            0.011103,           0.0028563,                   0,            0.004819,            0.004819,            0.004819
                 159,            0.015808,           0.0046712,                   0,             0.98575,             0.99754,             0.99276,             0.87657,            0.011089,           0.0028536,                   0,            0.004786,            0.004786,            0.004786
                 160,            0.015811,           0.0047798,                   0,             0.98587,             0.99749,             0.99278,             0.87679,            0.011074,           0.0028508,                   0,            0.004753,            0.004753,            0.004753
                 161,            0.015687,           0.0046457,                   0,             0.98576,             0.99762,             0.99284,             0.87701,            0.011059,           0.0028479,                   0,             0.00472,             0.00472,             0.00472
                 162,            0.015671,             0.00465,                   0,             0.98582,             0.99754,             0.99289,             0.87708,            0.011044,           0.0028453,                   0,            0.004687,            0.004687,            0.004687
                 163,            0.015721,           0.0046958,                   0,             0.98588,             0.99763,             0.99293,             0.87727,             0.01103,           0.0028428,                   0,            0.004654,            0.004654,            0.004654
                 164,            0.015742,           0.0046616,                   0,             0.98576,             0.99741,             0.99298,             0.87734,            0.011015,           0.0028401,                   0,            0.004621,            0.004621,            0.004621
                 165,            0.015741,           0.0046528,                   0,             0.98563,             0.99754,             0.99301,             0.87756,            0.011001,           0.0028377,                   0,            0.004588,            0.004588,            0.004588
                 166,            0.015436,           0.0046639,                   0,             0.98552,             0.99759,             0.99306,             0.87835,            0.010985,           0.0028348,                   0,            0.004555,            0.004555,            0.004555
                 167,            0.015424,           0.0045855,                   0,             0.98544,             0.99754,             0.99308,             0.87858,            0.010971,           0.0028319,                   0,            0.004522,            0.004522,            0.004522
                 168,            0.015404,           0.0045954,                   0,             0.98551,             0.99757,             0.99313,             0.87882,            0.010955,           0.0028293,                   0,            0.004489,            0.004489,            0.004489
                 169,            0.015467,           0.0046429,                   0,             0.98557,             0.99754,             0.99313,             0.87911,             0.01094,           0.0028266,                   0,            0.004456,            0.004456,            0.004456
                 170,            0.015234,           0.0045294,                   0,             0.98552,             0.99776,             0.99317,             0.87936,            0.010924,           0.0028239,                   0,            0.004423,            0.004423,            0.004423
                 171,            0.015348,           0.0045494,                   0,             0.98599,             0.99757,             0.99319,             0.87953,            0.010908,           0.0028214,                   0,             0.00439,             0.00439,             0.00439
                 172,            0.015333,           0.0046081,                   0,             0.98602,             0.99754,             0.99321,             0.87962,            0.010893,           0.0028187,                   0,            0.004357,            0.004357,            0.004357
                 173,            0.015227,           0.0046075,                   0,             0.98611,             0.99754,             0.99326,             0.87979,            0.010879,            0.002816,                   0,            0.004324,            0.004324,            0.004324
                 174,            0.015269,           0.0045396,                   0,             0.98635,             0.99746,             0.99325,             0.87989,            0.010864,            0.002813,                   0,            0.004291,            0.004291,            0.004291
                 175,            0.015142,           0.0045913,                   0,             0.98647,              0.9974,             0.99328,                0.88,             0.01085,             0.00281,                   0,            0.004258,            0.004258,            0.004258
                 176,            0.015116,           0.0045518,                   0,             0.98659,             0.99735,             0.99331,             0.88087,            0.010837,           0.0028073,                   0,            0.004225,            0.004225,            0.004225
                 177,            0.015147,           0.0045158,                   0,             0.98659,              0.9974,             0.99332,             0.88108,            0.010823,           0.0028045,                   0,            0.004192,            0.004192,            0.004192
                 178,            0.014922,           0.0045125,                   0,             0.98674,             0.99741,             0.99336,              0.8814,            0.010809,           0.0028017,                   0,            0.004159,            0.004159,            0.004159
                 179,            0.015233,           0.0045949,                   0,             0.98684,             0.99751,              0.9934,             0.88127,            0.010795,            0.002799,                   0,            0.004126,            0.004126,            0.004126
                 180,            0.015071,           0.0044623,                   0,             0.98672,             0.99781,             0.99342,             0.88168,            0.010782,           0.0027964,                   0,            0.004093,            0.004093,            0.004093
                 181,            0.014952,           0.0045372,                   0,             0.98672,             0.99777,             0.99346,             0.88201,            0.010767,           0.0027936,                   0,             0.00406,             0.00406,             0.00406
                 182,            0.015089,           0.0045173,                   0,              0.9866,             0.99783,             0.99349,             0.88223,            0.010755,            0.002791,                   0,            0.004027,            0.004027,            0.004027
                 183,            0.014991,           0.0044402,                   0,             0.98672,             0.99773,              0.9935,             0.88241,            0.010741,           0.0027881,                   0,            0.003994,            0.003994,            0.003994
                 184,            0.014838,           0.0044659,                   0,             0.98708,             0.99754,             0.99351,             0.88263,            0.010727,           0.0027854,                   0,            0.003961,            0.003961,            0.003961
                 185,            0.014722,           0.0044141,                   0,             0.98756,             0.99736,             0.99354,             0.88285,            0.010713,           0.0027827,                   0,            0.003928,            0.003928,            0.003928
                 186,            0.014923,           0.0045071,                   0,             0.98779,             0.99754,             0.99356,             0.88311,            0.010699,           0.0027799,                   0,            0.003895,            0.003895,            0.003895
                 187,            0.014649,           0.0044122,                   0,             0.98792,             0.99758,             0.99362,             0.88329,            0.010684,           0.0027771,                   0,            0.003862,            0.003862,            0.003862
                 188,            0.014827,           0.0045299,                   0,              0.9881,             0.99754,             0.99363,             0.88346,            0.010669,           0.0027747,                   0,            0.003829,            0.003829,            0.003829
                 189,            0.014748,           0.0044107,                   0,             0.98802,             0.99766,             0.99365,             0.88409,            0.010655,           0.0027721,                   0,            0.003796,            0.003796,            0.003796
                 190,            0.014654,           0.0044119,                   0,             0.98798,             0.99766,             0.99368,             0.88482,            0.010639,           0.0027691,                   0,            0.003763,            0.003763,            0.003763
                 191,            0.014582,           0.0044302,                   0,             0.98804,             0.99769,             0.99368,             0.88536,            0.010626,           0.0027662,                   0,             0.00373,             0.00373,             0.00373
                 192,            0.014656,           0.0043413,                   0,             0.98816,             0.99768,             0.99371,             0.88566,             0.01061,           0.0027633,                   0,            0.003697,            0.003697,            0.003697
                 193,            0.014601,           0.0044087,                   0,             0.98824,             0.99754,             0.99373,             0.88542,            0.010598,           0.0027605,                   0,            0.003664,            0.003664,            0.003664
                 194,            0.014687,           0.0044277,                   0,             0.98816,             0.99754,             0.99375,             0.88567,            0.010583,           0.0027579,                   0,            0.003631,            0.003631,            0.003631
                 195,            0.014375,            0.004399,                   0,             0.98804,             0.99775,             0.99373,             0.88619,            0.010568,           0.0027549,                   0,            0.003598,            0.003598,            0.003598
                 196,            0.014434,           0.0044036,                   0,              0.9881,             0.99766,             0.99373,             0.88634,            0.010554,           0.0027517,                   0,            0.003565,            0.003565,            0.003565
                 197,            0.014414,           0.0042978,                   0,             0.98864,             0.99738,             0.99377,              0.8866,            0.010539,           0.0027486,                   0,            0.003532,            0.003532,            0.003532
                 198,            0.014494,           0.0043967,                   0,             0.98864,             0.99751,             0.99379,             0.88673,            0.010525,           0.0027456,                   0,            0.003499,            0.003499,            0.003499
                 199,            0.014341,           0.0043602,                   0,             0.98864,             0.99758,              0.9938,             0.88685,             0.01051,           0.0027425,                   0,            0.003466,            0.003466,            0.003466
                 200,             0.01433,           0.0043656,                   0,             0.98871,             0.99754,             0.99381,             0.88679,            0.010497,           0.0027396,                   0,            0.003433,            0.003433,            0.003433
                 201,            0.014317,           0.0043279,                   0,             0.98877,             0.99765,             0.99383,               0.887,            0.010483,           0.0027366,                   0,              0.0034,              0.0034,              0.0034
                 202,            0.014184,           0.0043487,                   0,             0.98876,             0.99758,             0.99385,             0.88774,            0.010469,           0.0027337,                   0,            0.003367,            0.003367,            0.003367
                 203,            0.014166,           0.0042754,                   0,             0.98889,             0.99761,             0.99386,             0.88782,            0.010453,           0.0027304,                   0,            0.003334,            0.003334,            0.003334
                 204,            0.014316,           0.0043869,                   0,             0.98901,             0.99765,             0.99389,             0.88827,            0.010438,           0.0027277,                   0,            0.003301,            0.003301,            0.003301
                 205,            0.014085,           0.0042913,                   0,             0.98901,             0.99763,             0.99391,             0.88866,            0.010425,           0.0027248,                   0,            0.003268,            0.003268,            0.003268
                 206,            0.014063,           0.0042035,                   0,              0.9891,             0.99754,             0.99393,              0.8889,             0.01041,           0.0027218,                   0,            0.003235,            0.003235,            0.003235
                 207,            0.014004,           0.0042068,                   0,             0.98913,             0.99752,             0.99394,             0.88895,            0.010395,           0.0027187,                   0,            0.003202,            0.003202,            0.003202
                 208,            0.014126,           0.0043233,                   0,             0.98913,             0.99754,             0.99396,             0.88915,            0.010382,           0.0027158,                   0,            0.003169,            0.003169,            0.003169
                 209,            0.013921,           0.0042343,                   0,             0.98913,             0.99741,             0.99398,             0.88931,            0.010368,           0.0027128,                   0,            0.003136,            0.003136,            0.003136
                 210,             0.01382,           0.0041967,                   0,             0.98922,             0.99754,               0.994,             0.88937,            0.010353,           0.0027096,                   0,            0.003103,            0.003103,            0.003103
                 211,            0.013905,           0.0042455,                   0,             0.98961,             0.99752,             0.99403,             0.88955,            0.010337,           0.0027064,                   0,             0.00307,             0.00307,             0.00307
                 212,            0.013918,           0.0041942,                   0,             0.98973,             0.99755,             0.99405,             0.88978,            0.010322,           0.0027033,                   0,            0.003037,            0.003037,            0.003037
                 213,            0.013868,             0.00425,                   0,             0.98973,             0.99761,             0.99406,             0.89023,            0.010308,           0.0027004,                   0,            0.003004,            0.003004,            0.003004
                 214,            0.013907,           0.0042584,                   0,             0.98981,             0.99778,             0.99408,             0.89047,            0.010295,           0.0026972,                   0,            0.002971,            0.002971,            0.002971
                 215,            0.013784,           0.0042384,                   0,             0.98985,             0.99755,              0.9941,             0.89072,            0.010279,            0.002694,                   0,            0.002938,            0.002938,            0.002938
                 216,            0.013821,           0.0041966,                   0,             0.98997,             0.99757,             0.99411,             0.89087,            0.010265,           0.0026908,                   0,            0.002905,            0.002905,            0.002905
                 217,            0.013673,            0.004218,                   0,                0.99,             0.99754,             0.99414,             0.89116,            0.010251,           0.0026878,                   0,            0.002872,            0.002872,            0.002872
                 218,            0.013463,           0.0040826,                   0,              0.9901,             0.99768,             0.99416,             0.89185,            0.010238,           0.0026844,                   0,            0.002839,            0.002839,            0.002839
                 219,            0.013602,           0.0041912,                   0,              0.9901,             0.99766,             0.99419,             0.89274,            0.010221,           0.0026813,                   0,            0.002806,            0.002806,            0.002806
                 220,            0.013519,           0.0041564,                   0,             0.99022,             0.99782,             0.99422,             0.89301,            0.010202,           0.0026779,                   0,            0.002773,            0.002773,            0.002773
                 221,             0.01363,           0.0041816,                   0,             0.99034,             0.99782,             0.99423,             0.89363,            0.010187,           0.0026748,                   0,             0.00274,             0.00274,             0.00274
                 222,            0.013366,            0.004118,                   0,             0.99034,             0.99781,             0.99424,             0.89388,            0.010172,           0.0026714,                   0,            0.002707,            0.002707,            0.002707
                 223,            0.013577,           0.0041318,                   0,             0.99049,             0.99778,             0.99426,             0.89413,            0.010156,           0.0026683,                   0,            0.002674,            0.002674,            0.002674
                 224,            0.013474,           0.0041181,                   0,             0.99058,             0.99782,             0.99428,             0.89428,             0.01014,           0.0026649,                   0,            0.002641,            0.002641,            0.002641
                 225,            0.013387,           0.0040789,                   0,             0.99058,             0.99779,              0.9943,             0.89434,            0.010127,           0.0026615,                   0,            0.002608,            0.002608,            0.002608
                 226,            0.013343,           0.0040377,                   0,             0.99096,             0.99766,             0.99431,             0.89439,            0.010113,           0.0026583,                   0,            0.002575,            0.002575,            0.002575
                 227,             0.01329,           0.0041001,                   0,             0.99119,             0.99766,             0.99432,             0.89452,            0.010097,           0.0026548,                   0,            0.002542,            0.002542,            0.002542
                 228,            0.013394,            0.004131,                   0,             0.99119,             0.99763,             0.99434,             0.89478,             0.01008,           0.0026513,                   0,            0.002509,            0.002509,            0.002509
                 229,            0.013238,           0.0040912,                   0,             0.99119,             0.99768,             0.99436,             0.89531,            0.010066,            0.002648,                   0,            0.002476,            0.002476,            0.002476
                 230,            0.013198,           0.0040185,                   0,              0.9913,             0.99778,             0.99439,             0.89557,             0.01005,           0.0026447,                   0,            0.002443,            0.002443,            0.002443
                 231,            0.013172,           0.0040604,                   0,             0.99129,             0.99778,             0.99439,             0.89624,            0.010035,           0.0026412,                   0,             0.00241,             0.00241,             0.00241
                 232,            0.013055,           0.0040244,                   0,             0.99158,             0.99778,             0.99441,             0.89651,             0.01002,           0.0026383,                   0,            0.002377,            0.002377,            0.002377
                 233,               0.013,            0.004099,                   0,             0.99146,             0.99778,             0.99443,             0.89671,            0.010004,           0.0026351,                   0,            0.002344,            0.002344,            0.002344
                 234,            0.013106,           0.0040374,                   0,             0.99155,             0.99778,             0.99444,             0.89704,           0.0099899,           0.0026318,                   0,            0.002311,            0.002311,            0.002311
                 235,            0.012937,           0.0039963,                   0,             0.99168,             0.99778,             0.99446,             0.89728,           0.0099751,           0.0026286,                   0,            0.002278,            0.002278,            0.002278
                 236,            0.012948,           0.0039716,                   0,             0.99177,             0.99778,             0.99447,             0.89772,           0.0099602,           0.0026254,                   0,            0.002245,            0.002245,            0.002245
                 237,            0.012929,           0.0040165,                   0,             0.99191,             0.99778,             0.99449,             0.89821,           0.0099449,           0.0026222,                   0,            0.002212,            0.002212,            0.002212
                 238,            0.012868,           0.0040394,                   0,             0.99202,             0.99778,             0.99451,             0.89899,           0.0099283,           0.0026187,                   0,            0.002179,            0.002179,            0.002179
                 239,            0.012856,           0.0039657,                   0,             0.99202,             0.99778,             0.99452,             0.89896,           0.0099135,           0.0026152,                   0,            0.002146,            0.002146,            0.002146
                 240,            0.012953,            0.004041,                   0,             0.99201,             0.99778,             0.99453,             0.89914,           0.0098985,           0.0026118,                   0,            0.002113,            0.002113,            0.002113
                 241,            0.012742,           0.0039739,                   0,             0.99202,             0.99778,             0.99454,             0.89989,           0.0098828,           0.0026083,                   0,             0.00208,             0.00208,             0.00208
                 242,            0.012749,           0.0039733,                   0,             0.99198,             0.99778,             0.99456,             0.90014,           0.0098665,           0.0026048,                   0,            0.002047,            0.002047,            0.002047
                 243,            0.012779,           0.0040076,                   0,             0.99222,             0.99778,             0.99457,             0.90044,           0.0098495,           0.0026016,                   0,            0.002014,            0.002014,            0.002014
                 244,            0.012696,           0.0039081,                   0,             0.99228,             0.99778,             0.99458,             0.90064,           0.0098339,           0.0025983,                   0,            0.001981,            0.001981,            0.001981
                 245,            0.012648,           0.0039264,                   0,             0.99234,             0.99778,             0.99459,             0.90103,           0.0098208,           0.0025952,                   0,            0.001948,            0.001948,            0.001948
                 246,            0.012574,           0.0039535,                   0,             0.99234,             0.99778,              0.9946,             0.90116,            0.009804,           0.0025917,                   0,            0.001915,            0.001915,            0.001915
                 247,            0.012553,           0.0038865,                   0,             0.99239,             0.99778,             0.99461,             0.90136,           0.0097864,            0.002588,                   0,            0.001882,            0.001882,            0.001882
                 248,            0.012354,           0.0039134,                   0,             0.99258,             0.99778,             0.99462,             0.90153,           0.0097703,           0.0025843,                   0,            0.001849,            0.001849,            0.001849
                 249,            0.012472,           0.0038377,                   0,             0.99259,             0.99778,             0.99463,             0.90174,           0.0097523,           0.0025806,                   0,            0.001816,            0.001816,            0.001816
                 250,            0.012507,           0.0039228,                   0,             0.99241,             0.99778,             0.99464,             0.90198,           0.0097351,           0.0025771,                   0,            0.001783,            0.001783,            0.001783
                 251,            0.012442,           0.0038958,                   0,              0.9924,             0.99798,             0.99465,               0.902,           0.0097193,           0.0025736,                   0,             0.00175,             0.00175,             0.00175
                 252,             0.01221,           0.0038224,                   0,             0.99241,             0.99827,             0.99466,             0.90257,           0.0097029,             0.00257,                   0,            0.001717,            0.001717,            0.001717
                 253,             0.01231,            0.003821,                   0,             0.99236,             0.99852,             0.99466,             0.90277,           0.0096876,           0.0025664,                   0,            0.001684,            0.001684,            0.001684
                 254,            0.012335,           0.0038464,                   0,             0.99252,             0.99852,             0.99467,             0.90357,           0.0096715,           0.0025629,                   0,            0.001651,            0.001651,            0.001651
                 255,            0.012306,           0.0038329,                   0,             0.99247,             0.99852,             0.99467,             0.90379,            0.009659,           0.0025598,                   0,            0.001618,            0.001618,            0.001618
                 256,            0.012083,            0.003835,                   0,             0.99247,             0.99852,             0.99468,             0.90397,           0.0096456,           0.0025564,                   0,            0.001585,            0.001585,            0.001585
                 257,            0.012182,           0.0038263,                   0,             0.99241,             0.99858,             0.99468,             0.90423,           0.0096306,           0.0025529,                   0,            0.001552,            0.001552,            0.001552
                 258,            0.011967,           0.0037822,                   0,             0.99241,             0.99859,             0.99469,              0.9046,           0.0096123,           0.0025494,                   0,            0.001519,            0.001519,            0.001519
                 259,            0.012112,           0.0037864,                   0,             0.99241,             0.99855,              0.9947,             0.90487,           0.0095989,            0.002546,                   0,            0.001486,            0.001486,            0.001486
                 260,            0.012014,           0.0037925,                   0,             0.99245,             0.99852,              0.9947,             0.90505,           0.0095851,           0.0025425,                   0,            0.001453,            0.001453,            0.001453
                 261,            0.012027,           0.0037573,                   0,             0.99277,             0.99827,              0.9947,             0.90501,           0.0095733,           0.0025391,                   0,             0.00142,             0.00142,             0.00142
                 262,            0.011926,           0.0037356,                   0,              0.9928,              0.9984,             0.99471,             0.90518,           0.0095596,           0.0025355,                   0,            0.001387,            0.001387,            0.001387
                 263,            0.011992,           0.0037576,                   0,             0.99283,              0.9984,             0.99471,             0.90553,           0.0095394,           0.0025317,                   0,            0.001354,            0.001354,            0.001354
                 264,             0.01184,           0.0037143,                   0,             0.99282,              0.9984,             0.99471,             0.90583,           0.0095243,           0.0025278,                   0,            0.001321,            0.001321,            0.001321
                 265,             0.01183,           0.0037899,                   0,             0.99281,              0.9984,             0.99471,             0.90619,           0.0095085,           0.0025241,                   0,            0.001288,            0.001288,            0.001288
                 266,            0.011799,           0.0036868,                   0,             0.99278,              0.9984,             0.99471,             0.90641,           0.0094944,           0.0025205,                   0,            0.001255,            0.001255,            0.001255
                 267,            0.011885,           0.0037548,                   0,             0.99277,             0.99844,             0.99472,              0.9072,           0.0094769,           0.0025168,                   0,            0.001222,            0.001222,            0.001222
                 268,            0.011742,           0.0036801,                   0,             0.99275,             0.99852,             0.99473,             0.90711,           0.0094608,            0.002513,                   0,            0.001189,            0.001189,            0.001189
                 269,              0.0117,           0.0037106,                   0,             0.99289,             0.99851,             0.99473,             0.90748,           0.0094462,           0.0025092,                   0,            0.001156,            0.001156,            0.001156
                 270,             0.01158,           0.0036607,                   0,             0.99299,              0.9984,             0.99473,             0.90752,           0.0094313,           0.0025052,                   0,            0.001123,            0.001123,            0.001123
                 271,             0.01167,             0.00371,                   0,             0.99298,              0.9984,             0.99474,              0.9077,           0.0094127,           0.0025015,                   0,             0.00109,             0.00109,             0.00109
                 272,            0.011484,           0.0037049,                   0,             0.99314,              0.9984,             0.99474,             0.90789,           0.0093988,           0.0024978,                   0,            0.001057,            0.001057,            0.001057
                 273,            0.011626,           0.0036791,                   0,             0.99317,              0.9984,             0.99474,             0.90796,           0.0093848,           0.0024944,                   0,            0.001024,            0.001024,            0.001024
                 274,            0.011383,           0.0036923,                   0,             0.99314,             0.99854,             0.99475,             0.90864,           0.0093703,           0.0024909,                   0,            0.000991,            0.000991,            0.000991
                 275,            0.011365,           0.0036248,                   0,             0.99314,             0.99853,             0.99475,             0.90854,           0.0093553,           0.0024871,                   0,            0.000958,            0.000958,            0.000958
                 276,            0.011349,           0.0036446,                   0,             0.99314,             0.99855,             0.99475,             0.90892,           0.0093427,           0.0024835,                   0,            0.000925,            0.000925,            0.000925
                 277,            0.011387,           0.0036235,                   0,             0.99323,             0.99852,             0.99475,             0.90901,           0.0093282,           0.0024798,                   0,            0.000892,            0.000892,            0.000892
                 278,            0.011219,           0.0035565,                   0,              0.9936,             0.99828,             0.99476,             0.90918,           0.0093134,            0.002476,                   0,            0.000859,            0.000859,            0.000859
                 279,             0.01138,           0.0036526,                   0,              0.9938,             0.99828,             0.99475,             0.90983,           0.0092992,           0.0024725,                   0,            0.000826,            0.000826,            0.000826
                 280,            0.011172,           0.0035278,                   0,             0.99374,             0.99828,             0.99476,             0.91009,           0.0092818,           0.0024685,                   0,            0.000793,            0.000793,            0.000793
                 281,             0.01122,           0.0035807,                   0,             0.99375,             0.99828,             0.99476,              0.9105,           0.0092664,           0.0024646,                   0,             0.00076,             0.00076,             0.00076
                 282,            0.011162,           0.0035535,                   0,             0.99365,             0.99828,             0.99476,             0.91058,            0.009251,           0.0024607,                   0,            0.000727,            0.000727,            0.000727
                 283,            0.011124,            0.003549,                   0,             0.99373,             0.99852,             0.99475,             0.91066,           0.0092341,           0.0024567,                   0,            0.000694,            0.000694,            0.000694
                 284,            0.011157,           0.0036175,                   0,             0.99373,             0.99852,             0.99476,             0.91084,           0.0092209,           0.0024529,                   0,            0.000661,            0.000661,            0.000661
                 285,            0.010957,           0.0035049,                   0,             0.99387,              0.9984,             0.99476,             0.91109,           0.0092069,           0.0024491,                   0,            0.000628,            0.000628,            0.000628
                 286,            0.011008,           0.0035156,                   0,             0.99404,             0.99828,             0.99476,             0.91132,           0.0091911,           0.0024454,                   0,            0.000595,            0.000595,            0.000595
                 287,            0.010939,           0.0035146,                   0,             0.99411,             0.99838,             0.99477,             0.91153,           0.0091783,           0.0024416,                   0,            0.000562,            0.000562,            0.000562
                 288,            0.011037,           0.0034976,                   0,             0.99453,             0.99754,             0.99476,              0.9116,           0.0091625,           0.0024381,                   0,            0.000529,            0.000529,            0.000529
                 289,            0.011005,           0.0035802,                   0,             0.99484,             0.99746,             0.99477,             0.91206,           0.0091468,           0.0024344,                   0,            0.000496,            0.000496,            0.000496
                 290,            0.010829,           0.0034667,                   0,             0.99496,             0.99751,             0.99477,             0.91227,           0.0091336,           0.0024307,                   0,            0.000463,            0.000463,            0.000463
                 291,            0.010853,           0.0035054,                   0,             0.99508,              0.9975,             0.99477,             0.91228,           0.0091185,           0.0024271,                   0,             0.00043,             0.00043,             0.00043
                 292,            0.010817,           0.0034957,                   0,             0.99508,             0.99754,             0.99477,             0.91229,           0.0090997,           0.0024229,                   0,            0.000397,            0.000397,            0.000397
                 293,            0.010778,           0.0034702,                   0,             0.99533,              0.9975,             0.99477,             0.91306,           0.0090821,            0.002419,                   0,            0.000364,            0.000364,            0.000364
                 294,            0.010734,            0.003448,                   0,             0.99533,             0.99751,             0.99477,             0.91332,           0.0090686,           0.0024154,                   0,            0.000331,            0.000331,            0.000331
                 295,            0.010699,           0.0034985,                   0,             0.99531,             0.99754,             0.99477,             0.91407,           0.0090545,           0.0024119,                   0,            0.000298,            0.000298,            0.000298
                 296,            0.010639,           0.0033858,                   0,             0.99533,             0.99758,             0.99478,             0.91435,           0.0090407,           0.0024082,                   0,            0.000265,            0.000265,            0.000265
                 297,            0.010604,           0.0034382,                   0,             0.99533,             0.99758,             0.99478,             0.91443,            0.009023,           0.0024044,                   0,            0.000232,            0.000232,            0.000232
                 298,            0.010665,           0.0034932,                   0,             0.99557,             0.99754,             0.99478,              0.9151,           0.0090051,           0.0024003,                   0,            0.000199,            0.000199,            0.000199
                 299,            0.010441,           0.0034587,                   0,             0.99562,             0.99754,             0.99478,             0.91509,           0.0089919,           0.0023966,                   0,            0.000166,            0.000166,            0.000166
